{"v":"5.7.4","fr":25,"ip":0,"op":750,"w":500,"h":500,"nm":"CPU_Processor","ddd":0,"assets":[],"layers":[{"ddd":0,"ind":1,"ty":1,"nm":"CONTROLS","sr":1,"ks":{"o":{"a":0,"k":0,"ix":11},"r":{"a":0,"k":0,"ix":10},"p":{"a":0,"k":[250,250,0],"ix":2,"l":2},"a":{"a":0,"k":[250,250,0],"ix":1,"l":2},"s":{"a":0,"k":[100,100,100],"ix":6,"l":2}},"ao":0,"ef":[{"ty":5,"nm":"Color_1","np":3,"mn":"ADBE Color Control","ix":1,"en":1,"ef":[{"ty":2,"nm":"Cor","mn":"ADBE Color Control-0001","ix":1,"v":{"a":0,"k":[0.353139013052,0.681571662426,0.321167677641,1],"ix":1}}]},{"ty":5,"nm":"Color_2","np":3,"mn":"ADBE Color Control","ix":2,"en":1,"ef":[{"ty":2,"nm":"Cor","mn":"ADBE Color Control-0001","ix":1,"v":{"a":0,"k":[0.098039224744,0.086274512112,0.309803932905,1],"ix":1}}]}],"sw":500,"sh":500,"sc":"#000000","ip":0,"op":750,"st":0,"bm":0},{"ddd":0,"ind":2,"ty":4,"nm":"Shape Layer 4","parent":11,"sr":1,"ks":{"o":{"a":0,"k":100,"ix":11},"r":{"a":0,"k":90,"ix":10},"p":{"a":0,"k":[5.171,-0.275,0],"ix":2,"l":2},"a":{"a":0,"k":[0,0,0],"ix":1,"l":2},"s":{"a":0,"k":[72.464,72.464,100],"ix":6,"l":2}},"ao":0,"ef":[{"ty":21,"nm":"Preenchimento","np":9,"mn":"ADBE Fill","ix":1,"en":1,"ef":[{"ty":10,"nm":"Máscara de preenchimento","mn":"ADBE Fill-0001","ix":1,"v":{"a":0,"k":0,"ix":1}},{"ty":7,"nm":"Todas as máscaras","mn":"ADBE Fill-0007","ix":2,"v":{"a":0,"k":0,"ix":2}},{"ty":2,"nm":"Cor","mn":"ADBE Fill-0002","ix":3,"v":{"a":0,"k":[1,1,1,1],"ix":3,"x":"var $bm_rt;\n$bm_rt = thisComp.layer('CONTROLS').effect('Color_2')('ADBE Color Control-0001');"}},{"ty":7,"nm":"Inverter","mn":"ADBE Fill-0006","ix":4,"v":{"a":0,"k":0,"ix":4}},{"ty":0,"nm":"Difusão horizontal","mn":"ADBE Fill-0003","ix":5,"v":{"a":0,"k":0,"ix":5}},{"ty":0,"nm":"Difusão vertical","mn":"ADBE Fill-0004","ix":6,"v":{"a":0,"k":0,"ix":6}},{"ty":0,"nm":"Opacidade","mn":"ADBE Fill-0005","ix":7,"v":{"a":0,"k":1,"ix":7}}]}],"shapes":[{"ty":"gr","it":[{"ind":0,"ty":"sh","ix":1,"ks":{"a":0,"k":{"i":[[0.25,19.75],[-11.348,0.315],[-0.25,16.5]],"o":[[-0.25,-19.75],[11.348,-0.315],[0.25,-16.5]],"v":[[45.5,-91],[57.652,-119.435],[67.5,-149.25]],"c":false},"ix":2},"nm":"Path 1","mn":"ADBE Vector Shape - Group","hd":false},{"ind":1,"ty":"sh","ix":2,"ks":{"a":0,"k":{"i":[[0,0],[0,0]],"o":[[0,0],[0,0]],"v":[[18,-90],[18,-136.5]],"c":false},"ix":2},"nm":"Path 2","mn":"ADBE Vector Shape - Group","hd":false},{"ind":2,"ty":"sh","ix":3,"ks":{"a":0,"k":{"i":[[0.5,24.25],[13.22,0.189],[0.75,16.25]],"o":[[-0.5,-24.25],[-12.78,1.189],[-0.75,-16.25]],"v":[[-38.5,-89],[-51.47,-119.439],[-63,-146.5]],"c":false},"ix":2},"nm":"Path 4","mn":"ADBE Vector Shape - Group","hd":false},{"ind":3,"ty":"sh","ix":4,"ks":{"a":0,"k":{"i":[[0,0],[0,0]],"o":[[0,0],[0,0]],"v":[[-12,-91],[-12,-137]],"c":false},"ix":2},"nm":"Path 3","mn":"ADBE Vector Shape - Group","hd":false},{"ty":"st","c":{"a":0,"k":[1,1,1,1],"ix":3},"o":{"a":0,"k":100,"ix":4},"w":{"a":0,"k":10,"ix":5},"lc":2,"lj":2,"bm":0,"nm":"Stroke 1","mn":"ADBE Vector Graphic - Stroke","hd":false},{"ty":"tr","p":{"a":0,"k":[0,0],"ix":2},"a":{"a":0,"k":[0,0],"ix":1},"s":{"a":0,"k":[100,100],"ix":3},"r":{"a":0,"k":0,"ix":6},"o":{"a":0,"k":100,"ix":7},"sk":{"a":0,"k":0,"ix":4},"sa":{"a":0,"k":0,"ix":5},"nm":"Transformar"}],"nm":"Shape 4","np":6,"cix":2,"bm":0,"ix":1,"mn":"ADBE Vector Group","hd":false},{"ty":"tm","s":{"a":0,"k":0,"ix":1},"e":{"a":1,"k":[{"i":{"x":[0.667],"y":[1]},"o":{"x":[0.167],"y":[0.167]},"t":9,"s":[0]},{"i":{"x":[0.833],"y":[0.833]},"o":{"x":[0.167],"y":[0.167]},"t":34,"s":[100]},{"t":59,"s":[100]}],"ix":2,"x":"var $bm_rt;\n$bm_rt = loopOut();"},"o":{"a":0,"k":0,"ix":3},"m":2,"ix":2,"nm":"Trim Paths 1","mn":"ADBE Vector Filter - Trim","hd":false}],"ip":9,"op":759,"st":9,"bm":0},{"ddd":0,"ind":3,"ty":4,"nm":"Shape Layer 3","parent":11,"sr":1,"ks":{"o":{"a":0,"k":100,"ix":11},"r":{"a":0,"k":-90,"ix":10},"p":{"a":0,"k":[0.099,-0.275,0],"ix":2,"l":2},"a":{"a":0,"k":[0,0,0],"ix":1,"l":2},"s":{"a":0,"k":[72.464,72.464,100],"ix":6,"l":2}},"ao":0,"ef":[{"ty":21,"nm":"Preenchimento","np":9,"mn":"ADBE Fill","ix":1,"en":1,"ef":[{"ty":10,"nm":"Máscara de preenchimento","mn":"ADBE Fill-0001","ix":1,"v":{"a":0,"k":0,"ix":1}},{"ty":7,"nm":"Todas as máscaras","mn":"ADBE Fill-0007","ix":2,"v":{"a":0,"k":0,"ix":2}},{"ty":2,"nm":"Cor","mn":"ADBE Fill-0002","ix":3,"v":{"a":0,"k":[1,1,1,1],"ix":3,"x":"var $bm_rt;\n$bm_rt = thisComp.layer('CONTROLS').effect('Color_2')('ADBE Color Control-0001');"}},{"ty":7,"nm":"Inverter","mn":"ADBE Fill-0006","ix":4,"v":{"a":0,"k":0,"ix":4}},{"ty":0,"nm":"Difusão horizontal","mn":"ADBE Fill-0003","ix":5,"v":{"a":0,"k":0,"ix":5}},{"ty":0,"nm":"Difusão vertical","mn":"ADBE Fill-0004","ix":6,"v":{"a":0,"k":0,"ix":6}},{"ty":0,"nm":"Opacidade","mn":"ADBE Fill-0005","ix":7,"v":{"a":0,"k":1,"ix":7}}]}],"shapes":[{"ty":"gr","it":[{"ind":0,"ty":"sh","ix":1,"ks":{"a":0,"k":{"i":[[0.25,19.75],[-11.348,0.315],[-0.25,16.5]],"o":[[-0.25,-19.75],[11.348,-0.315],[0.25,-16.5]],"v":[[45.5,-91],[57.652,-119.435],[67.5,-149.25]],"c":false},"ix":2},"nm":"Path 1","mn":"ADBE Vector Shape - Group","hd":false},{"ind":1,"ty":"sh","ix":2,"ks":{"a":0,"k":{"i":[[0,0],[0,0]],"o":[[0,0],[0,0]],"v":[[18,-90],[18,-136.5]],"c":false},"ix":2},"nm":"Path 2","mn":"ADBE Vector Shape - Group","hd":false},{"ind":2,"ty":"sh","ix":3,"ks":{"a":0,"k":{"i":[[0.5,24.25],[13.22,0.189],[0.75,16.25]],"o":[[-0.5,-24.25],[-12.78,1.189],[-0.75,-16.25]],"v":[[-38.5,-89],[-51.47,-119.439],[-63,-146.5]],"c":false},"ix":2},"nm":"Path 4","mn":"ADBE Vector Shape - Group","hd":false},{"ind":3,"ty":"sh","ix":4,"ks":{"a":0,"k":{"i":[[0,0],[0,0]],"o":[[0,0],[0,0]],"v":[[-12,-91],[-12,-137]],"c":false},"ix":2},"nm":"Path 3","mn":"ADBE Vector Shape - Group","hd":false},{"ty":"st","c":{"a":0,"k":[1,1,1,1],"ix":3},"o":{"a":0,"k":100,"ix":4},"w":{"a":0,"k":10,"ix":5},"lc":2,"lj":2,"bm":0,"nm":"Stroke 1","mn":"ADBE Vector Graphic - Stroke","hd":false},{"ty":"tr","p":{"a":0,"k":[0,0],"ix":2},"a":{"a":0,"k":[0,0],"ix":1},"s":{"a":0,"k":[100,100],"ix":3},"r":{"a":0,"k":0,"ix":6},"o":{"a":0,"k":100,"ix":7},"sk":{"a":0,"k":0,"ix":4},"sa":{"a":0,"k":0,"ix":5},"nm":"Transformar"}],"nm":"Shape 4","np":6,"cix":2,"bm":0,"ix":1,"mn":"ADBE Vector Group","hd":false},{"ty":"tm","s":{"a":0,"k":0,"ix":1},"e":{"a":1,"k":[{"i":{"x":[0.667],"y":[1]},"o":{"x":[0.167],"y":[0.167]},"t":9,"s":[0]},{"i":{"x":[0.833],"y":[0.833]},"o":{"x":[0.167],"y":[0.167]},"t":34,"s":[100]},{"t":59,"s":[100]}],"ix":2,"x":"var $bm_rt;\n$bm_rt = loopOut();"},"o":{"a":0,"k":0,"ix":3},"m":2,"ix":2,"nm":"Trim Paths 1","mn":"ADBE Vector Filter - Trim","hd":false}],"ip":9,"op":759,"st":9,"bm":0},{"ddd":0,"ind":4,"ty":4,"nm":"Shape Layer 2","parent":11,"sr":1,"ks":{"o":{"a":0,"k":100,"ix":11},"r":{"a":0,"k":180,"ix":10},"p":{"a":0,"k":[0.823,1.174,0],"ix":2,"l":2},"a":{"a":0,"k":[0,0,0],"ix":1,"l":2},"s":{"a":0,"k":[72.464,72.464,100],"ix":6,"l":2}},"ao":0,"ef":[{"ty":21,"nm":"Preenchimento","np":9,"mn":"ADBE Fill","ix":1,"en":1,"ef":[{"ty":10,"nm":"Máscara de preenchimento","mn":"ADBE Fill-0001","ix":1,"v":{"a":0,"k":0,"ix":1}},{"ty":7,"nm":"Todas as máscaras","mn":"ADBE Fill-0007","ix":2,"v":{"a":0,"k":0,"ix":2}},{"ty":2,"nm":"Cor","mn":"ADBE Fill-0002","ix":3,"v":{"a":0,"k":[1,1,1,1],"ix":3,"x":"var $bm_rt;\n$bm_rt = thisComp.layer('CONTROLS').effect('Color_2')('ADBE Color Control-0001');"}},{"ty":7,"nm":"Inverter","mn":"ADBE Fill-0006","ix":4,"v":{"a":0,"k":0,"ix":4}},{"ty":0,"nm":"Difusão horizontal","mn":"ADBE Fill-0003","ix":5,"v":{"a":0,"k":0,"ix":5}},{"ty":0,"nm":"Difusão vertical","mn":"ADBE Fill-0004","ix":6,"v":{"a":0,"k":0,"ix":6}},{"ty":0,"nm":"Opacidade","mn":"ADBE Fill-0005","ix":7,"v":{"a":0,"k":1,"ix":7}}]}],"shapes":[{"ty":"gr","it":[{"ind":0,"ty":"sh","ix":1,"ks":{"a":0,"k":{"i":[[0.25,19.75],[-11.348,0.315],[-0.25,16.5]],"o":[[-0.25,-19.75],[11.348,-0.315],[0.25,-16.5]],"v":[[45.5,-91],[57.652,-119.435],[67.5,-149.25]],"c":false},"ix":2},"nm":"Path 1","mn":"ADBE Vector Shape - Group","hd":false},{"ind":1,"ty":"sh","ix":2,"ks":{"a":0,"k":{"i":[[0,0],[0,0]],"o":[[0,0],[0,0]],"v":[[18,-90],[18,-136.5]],"c":false},"ix":2},"nm":"Path 2","mn":"ADBE Vector Shape - Group","hd":false},{"ind":2,"ty":"sh","ix":3,"ks":{"a":0,"k":{"i":[[0.5,24.25],[13.22,0.189],[0.75,16.25]],"o":[[-0.5,-24.25],[-12.78,1.189],[-0.75,-16.25]],"v":[[-38.5,-89],[-51.47,-119.439],[-63,-146.5]],"c":false},"ix":2},"nm":"Path 4","mn":"ADBE Vector Shape - Group","hd":false},{"ind":3,"ty":"sh","ix":4,"ks":{"a":0,"k":{"i":[[0,0],[0,0]],"o":[[0,0],[0,0]],"v":[[-12,-91],[-12,-137]],"c":false},"ix":2},"nm":"Path 3","mn":"ADBE Vector Shape - Group","hd":false},{"ty":"st","c":{"a":0,"k":[1,1,1,1],"ix":3},"o":{"a":0,"k":100,"ix":4},"w":{"a":0,"k":10,"ix":5},"lc":2,"lj":2,"bm":0,"nm":"Stroke 1","mn":"ADBE Vector Graphic - Stroke","hd":false},{"ty":"tr","p":{"a":0,"k":[0,0],"ix":2},"a":{"a":0,"k":[0,0],"ix":1},"s":{"a":0,"k":[100,100],"ix":3},"r":{"a":0,"k":0,"ix":6},"o":{"a":0,"k":100,"ix":7},"sk":{"a":0,"k":0,"ix":4},"sa":{"a":0,"k":0,"ix":5},"nm":"Transformar"}],"nm":"Shape 4","np":6,"cix":2,"bm":0,"ix":1,"mn":"ADBE Vector Group","hd":false},{"ty":"tm","s":{"a":0,"k":0,"ix":1},"e":{"a":1,"k":[{"i":{"x":[0.667],"y":[1]},"o":{"x":[0.167],"y":[0.167]},"t":9,"s":[0]},{"i":{"x":[0.833],"y":[0.833]},"o":{"x":[0.167],"y":[0.167]},"t":34,"s":[100]},{"t":59,"s":[100]}],"ix":2,"x":"var $bm_rt;\n$bm_rt = loopOut();"},"o":{"a":0,"k":0,"ix":3},"m":2,"ix":2,"nm":"Trim Paths 1","mn":"ADBE Vector Filter - Trim","hd":false}],"ip":9,"op":759,"st":9,"bm":0},{"ddd":0,"ind":5,"ty":4,"nm":"Shape Layer 1","parent":11,"sr":1,"ks":{"o":{"a":0,"k":100,"ix":11},"r":{"a":0,"k":0,"ix":10},"p":{"a":0,"k":[0.823,-2.449,0],"ix":2,"l":2},"a":{"a":0,"k":[0,0,0],"ix":1,"l":2},"s":{"a":0,"k":[72.464,72.464,100],"ix":6,"l":2}},"ao":0,"ef":[{"ty":21,"nm":"Preenchimento","np":9,"mn":"ADBE Fill","ix":1,"en":1,"ef":[{"ty":10,"nm":"Máscara de preenchimento","mn":"ADBE Fill-0001","ix":1,"v":{"a":0,"k":0,"ix":1}},{"ty":7,"nm":"Todas as máscaras","mn":"ADBE Fill-0007","ix":2,"v":{"a":0,"k":0,"ix":2}},{"ty":2,"nm":"Cor","mn":"ADBE Fill-0002","ix":3,"v":{"a":0,"k":[1,1,1,1],"ix":3,"x":"var $bm_rt;\n$bm_rt = thisComp.layer('CONTROLS').effect('Color_2')('ADBE Color Control-0001');"}},{"ty":7,"nm":"Inverter","mn":"ADBE Fill-0006","ix":4,"v":{"a":0,"k":0,"ix":4}},{"ty":0,"nm":"Difusão horizontal","mn":"ADBE Fill-0003","ix":5,"v":{"a":0,"k":0,"ix":5}},{"ty":0,"nm":"Difusão vertical","mn":"ADBE Fill-0004","ix":6,"v":{"a":0,"k":0,"ix":6}},{"ty":0,"nm":"Opacidade","mn":"ADBE Fill-0005","ix":7,"v":{"a":0,"k":1,"ix":7}}]}],"shapes":[{"ty":"gr","it":[{"ind":0,"ty":"sh","ix":1,"ks":{"a":0,"k":{"i":[[0.25,19.75],[-11.348,0.315],[-0.25,16.5]],"o":[[-0.25,-19.75],[11.348,-0.315],[0.25,-16.5]],"v":[[45.5,-91],[57.652,-119.435],[67.5,-149.25]],"c":false},"ix":2},"nm":"Path 1","mn":"ADBE Vector Shape - Group","hd":false},{"ind":1,"ty":"sh","ix":2,"ks":{"a":0,"k":{"i":[[0,0],[0,0]],"o":[[0,0],[0,0]],"v":[[18,-90],[18,-136.5]],"c":false},"ix":2},"nm":"Path 2","mn":"ADBE Vector Shape - Group","hd":false},{"ind":2,"ty":"sh","ix":3,"ks":{"a":0,"k":{"i":[[0.5,24.25],[13.22,0.189],[0.75,16.25]],"o":[[-0.5,-24.25],[-12.78,1.189],[-0.75,-16.25]],"v":[[-38.5,-89],[-51.47,-119.439],[-63,-146.5]],"c":false},"ix":2},"nm":"Path 4","mn":"ADBE Vector Shape - Group","hd":false},{"ind":3,"ty":"sh","ix":4,"ks":{"a":0,"k":{"i":[[0,0],[0,0]],"o":[[0,0],[0,0]],"v":[[-12,-91],[-12,-137]],"c":false},"ix":2},"nm":"Path 3","mn":"ADBE Vector Shape - Group","hd":false},{"ty":"st","c":{"a":0,"k":[1,1,1,1],"ix":3},"o":{"a":0,"k":100,"ix":4},"w":{"a":0,"k":10,"ix":5},"lc":2,"lj":2,"bm":0,"nm":"Stroke 1","mn":"ADBE Vector Graphic - Stroke","hd":false},{"ty":"tr","p":{"a":0,"k":[0,0],"ix":2},"a":{"a":0,"k":[0,0],"ix":1},"s":{"a":0,"k":[100,100],"ix":3},"r":{"a":0,"k":0,"ix":6},"o":{"a":0,"k":100,"ix":7},"sk":{"a":0,"k":0,"ix":4},"sa":{"a":0,"k":0,"ix":5},"nm":"Transformar"}],"nm":"Shape 4","np":6,"cix":2,"bm":0,"ix":1,"mn":"ADBE Vector Group","hd":false},{"ty":"tm","s":{"a":0,"k":0,"ix":1},"e":{"a":1,"k":[{"i":{"x":[0.667],"y":[1]},"o":{"x":[0.167],"y":[0.167]},"t":9,"s":[0]},{"i":{"x":[0.833],"y":[0.833]},"o":{"x":[0.167],"y":[0.167]},"t":34,"s":[100]},{"t":59,"s":[100]}],"ix":2,"x":"var $bm_rt;\n$bm_rt = loopOut();"},"o":{"a":0,"k":0,"ix":3},"m":2,"ix":2,"nm":"Trim Paths 1","mn":"ADBE Vector Filter - Trim","hd":false}],"ip":9,"op":759,"st":9,"bm":0},{"ddd":0,"ind":6,"ty":4,"nm":"Isolation Mode 4","parent":11,"sr":1,"ks":{"o":{"a":0,"k":100,"ix":11},"r":{"a":0,"k":0,"ix":10},"p":{"a":0,"k":[31.165,27.782,0],"ix":2,"l":2},"a":{"a":0,"k":[41.871,38.719,0],"ix":1,"l":2},"s":{"a":0,"k":[72.464,72.464,100],"ix":6,"l":2}},"ao":0,"ef":[{"ty":21,"nm":"Preenchimento","np":9,"mn":"ADBE Fill","ix":1,"en":1,"ef":[{"ty":10,"nm":"Máscara de preenchimento","mn":"ADBE Fill-0001","ix":1,"v":{"a":0,"k":0,"ix":1}},{"ty":7,"nm":"Todas as máscaras","mn":"ADBE Fill-0007","ix":2,"v":{"a":0,"k":0,"ix":2}},{"ty":2,"nm":"Cor","mn":"ADBE Fill-0002","ix":3,"v":{"a":0,"k":[1,1,1,1],"ix":3,"x":"var $bm_rt;\n$bm_rt = thisComp.layer('CONTROLS').effect('Color_2')('ADBE Color Control-0001');"}},{"ty":7,"nm":"Inverter","mn":"ADBE Fill-0006","ix":4,"v":{"a":0,"k":0,"ix":4}},{"ty":0,"nm":"Difusão horizontal","mn":"ADBE Fill-0003","ix":5,"v":{"a":0,"k":0,"ix":5}},{"ty":0,"nm":"Difusão vertical","mn":"ADBE Fill-0004","ix":6,"v":{"a":0,"k":0,"ix":6}},{"ty":0,"nm":"Opacidade","mn":"ADBE Fill-0005","ix":7,"v":{"a":0,"k":1,"ix":7}}]}],"shapes":[{"ty":"gr","it":[{"ind":0,"ty":"sh","ix":1,"ks":{"a":0,"k":{"i":[[4.944,0],[0,-4.944],[-4.943,0],[0,4.943]],"o":[[-4.943,0],[0,4.943],[4.944,0],[0,-4.944]],"v":[[41.871,29.769],[32.92,38.72],[41.871,47.67],[50.822,38.72]],"c":true},"ix":2},"nm":"Path 1","mn":"ADBE Vector Shape - Group","hd":false},{"ty":"fl","c":{"a":0,"k":[0.345098048449,0.349019616842,0.35686275363,1],"ix":4},"o":{"a":0,"k":100,"ix":5},"r":1,"bm":0,"nm":"Fill 1","mn":"ADBE Vector Graphic - Fill","hd":false},{"ty":"tr","p":{"a":0,"k":[0,0],"ix":2},"a":{"a":0,"k":[0,0],"ix":1},"s":{"a":0,"k":[100,100],"ix":3},"r":{"a":0,"k":0,"ix":6},"o":{"a":0,"k":100,"ix":7},"sk":{"a":0,"k":0,"ix":4},"sa":{"a":0,"k":0,"ix":5},"nm":"Transformar"}],"nm":"Group 1","np":2,"cix":2,"bm":0,"ix":1,"mn":"ADBE Vector Group","hd":false}],"ip":0,"op":750,"st":0,"bm":0},{"ddd":0,"ind":7,"ty":4,"nm":"Isolation Mode 3","parent":11,"sr":1,"ks":{"o":{"a":0,"k":100,"ix":11},"r":{"a":0,"k":0,"ix":10},"p":{"a":0,"k":[-19.509,-8.297,0],"ix":2,"l":2},"a":{"a":0,"k":[-28.058,-11.07,0],"ix":1,"l":2},"s":{"a":0,"k":[72.464,72.464,100],"ix":6,"l":2}},"ao":0,"ef":[{"ty":21,"nm":"Preenchimento","np":9,"mn":"ADBE Fill","ix":1,"en":1,"ef":[{"ty":10,"nm":"Máscara de preenchimento","mn":"ADBE Fill-0001","ix":1,"v":{"a":0,"k":0,"ix":1}},{"ty":7,"nm":"Todas as máscaras","mn":"ADBE Fill-0007","ix":2,"v":{"a":0,"k":0,"ix":2}},{"ty":2,"nm":"Cor","mn":"ADBE Fill-0002","ix":3,"v":{"a":0,"k":[1,1,1,1],"ix":3,"x":"var $bm_rt;\n$bm_rt = thisComp.layer('CONTROLS').effect('Color_2')('ADBE Color Control-0001');"}},{"ty":7,"nm":"Inverter","mn":"ADBE Fill-0006","ix":4,"v":{"a":0,"k":0,"ix":4}},{"ty":0,"nm":"Difusão horizontal","mn":"ADBE Fill-0003","ix":5,"v":{"a":0,"k":0,"ix":5}},{"ty":0,"nm":"Difusão vertical","mn":"ADBE Fill-0004","ix":6,"v":{"a":0,"k":0,"ix":6}},{"ty":0,"nm":"Opacidade","mn":"ADBE Fill-0005","ix":7,"v":{"a":0,"k":1,"ix":7}}]}],"shapes":[{"ty":"gr","it":[{"ind":0,"ty":"sh","ix":1,"ks":{"a":0,"k":{"i":[[2.998,0],[0,0],[0,-2.998],[-2.998,0],[0,0],[0,2.998]],"o":[[0,0],[-2.998,0],[0,2.998],[0,0],[2.998,0],[0,-2.998]],"v":[[-16.031,-16.499],[-40.086,-16.499],[-45.514,-11.07],[-40.086,-5.641],[-16.031,-5.641],[-10.602,-11.07]],"c":true},"ix":2},"nm":"Path 1","mn":"ADBE Vector Shape - Group","hd":false},{"ty":"fl","c":{"a":0,"k":[0.345098048449,0.349019616842,0.35686275363,1],"ix":4},"o":{"a":0,"k":100,"ix":5},"r":1,"bm":0,"nm":"Fill 1","mn":"ADBE Vector Graphic - Fill","hd":false},{"ty":"tr","p":{"a":0,"k":[0,0],"ix":2},"a":{"a":0,"k":[0,0],"ix":1},"s":{"a":0,"k":[100,100],"ix":3},"r":{"a":0,"k":0,"ix":6},"o":{"a":0,"k":100,"ix":7},"sk":{"a":0,"k":0,"ix":4},"sa":{"a":0,"k":0,"ix":5},"nm":"Transformar"}],"nm":"Group 1","np":2,"cix":2,"bm":0,"ix":1,"mn":"ADBE Vector Group","hd":false}],"ip":0,"op":750,"st":0,"bm":0},{"ddd":0,"ind":8,"ty":4,"nm":"Isolation Mode 2","parent":11,"sr":1,"ks":{"o":{"a":0,"k":100,"ix":11},"r":{"a":0,"k":0,"ix":10},"p":{"a":0,"k":[-13.529,-23.905,0],"ix":2,"l":2},"a":{"a":0,"k":[-19.807,-32.609,0],"ix":1,"l":2},"s":{"a":0,"k":[72.464,72.464,100],"ix":6,"l":2}},"ao":0,"ef":[{"ty":21,"nm":"Preenchimento","np":9,"mn":"ADBE Fill","ix":1,"en":1,"ef":[{"ty":10,"nm":"Máscara de preenchimento","mn":"ADBE Fill-0001","ix":1,"v":{"a":0,"k":0,"ix":1}},{"ty":7,"nm":"Todas as máscaras","mn":"ADBE Fill-0007","ix":2,"v":{"a":0,"k":0,"ix":2}},{"ty":2,"nm":"Cor","mn":"ADBE Fill-0002","ix":3,"v":{"a":0,"k":[1,1,1,1],"ix":3,"x":"var $bm_rt;\n$bm_rt = thisComp.layer('CONTROLS').effect('Color_2')('ADBE Color Control-0001');"}},{"ty":7,"nm":"Inverter","mn":"ADBE Fill-0006","ix":4,"v":{"a":0,"k":0,"ix":4}},{"ty":0,"nm":"Difusão horizontal","mn":"ADBE Fill-0003","ix":5,"v":{"a":0,"k":0,"ix":5}},{"ty":0,"nm":"Difusão vertical","mn":"ADBE Fill-0004","ix":6,"v":{"a":0,"k":0,"ix":6}},{"ty":0,"nm":"Opacidade","mn":"ADBE Fill-0005","ix":7,"v":{"a":0,"k":1,"ix":7}}]}],"shapes":[{"ty":"gr","it":[{"ind":0,"ty":"sh","ix":1,"ks":{"a":0,"k":{"i":[[2.998,0],[0,0],[0,-2.998],[-2.998,0],[0,0],[0,2.998]],"o":[[0,0],[-2.998,0],[0,2.998],[0,0],[2.998,0],[0,-2.998]],"v":[[0.472,-38.038],[-40.086,-38.038],[-45.514,-32.609],[-40.086,-27.181],[0.472,-27.181],[5.901,-32.609]],"c":true},"ix":2},"nm":"Path 1","mn":"ADBE Vector Shape - Group","hd":false},{"ty":"fl","c":{"a":0,"k":[0.345098048449,0.349019616842,0.35686275363,1],"ix":4},"o":{"a":0,"k":100,"ix":5},"r":1,"bm":0,"nm":"Fill 1","mn":"ADBE Vector Graphic - Fill","hd":false},{"ty":"tr","p":{"a":0,"k":[0,0],"ix":2},"a":{"a":0,"k":[0,0],"ix":1},"s":{"a":0,"k":[100,100],"ix":3},"r":{"a":0,"k":0,"ix":6},"o":{"a":0,"k":100,"ix":7},"sk":{"a":0,"k":0,"ix":4},"sa":{"a":0,"k":0,"ix":5},"nm":"Transformar"}],"nm":"Group 1","np":2,"cix":2,"bm":0,"ix":1,"mn":"ADBE Vector Group","hd":false}],"ip":0,"op":750,"st":0,"bm":0},{"ddd":0,"ind":9,"ty":4,"nm":"Isolation Mode 6","parent":11,"sr":1,"ks":{"o":{"a":0,"k":100,"ix":11},"r":{"a":0,"k":0,"ix":10},"p":{"a":0,"k":[2.99,-1,0],"ix":2,"l":2},"a":{"a":0,"k":[2.99,-1,0],"ix":1,"l":2},"s":{"a":0,"k":[72.464,72.464,100],"ix":6,"l":2}},"ao":0,"ef":[{"ty":21,"nm":"Preenchimento","np":9,"mn":"ADBE Fill","ix":1,"en":1,"ef":[{"ty":10,"nm":"Máscara de preenchimento","mn":"ADBE Fill-0001","ix":1,"v":{"a":0,"k":0,"ix":1}},{"ty":7,"nm":"Todas as máscaras","mn":"ADBE Fill-0007","ix":2,"v":{"a":0,"k":0,"ix":2}},{"ty":2,"nm":"Cor","mn":"ADBE Fill-0002","ix":3,"v":{"a":0,"k":[1,1,1,1],"ix":3,"x":"var $bm_rt;\n$bm_rt = thisComp.layer('CONTROLS').effect('Color_2')('ADBE Color Control-0001');"}},{"ty":7,"nm":"Inverter","mn":"ADBE Fill-0006","ix":4,"v":{"a":0,"k":0,"ix":4}},{"ty":0,"nm":"Difusão horizontal","mn":"ADBE Fill-0003","ix":5,"v":{"a":0,"k":0,"ix":5}},{"ty":0,"nm":"Difusão vertical","mn":"ADBE Fill-0004","ix":6,"v":{"a":0,"k":0,"ix":6}},{"ty":0,"nm":"Opacidade","mn":"ADBE Fill-0005","ix":7,"v":{"a":0,"k":1,"ix":7}}]}],"shapes":[{"ty":"gr","it":[{"ind":0,"ty":"sh","ix":1,"ks":{"a":0,"k":{"i":[[0,0],[3.242,0],[0,0],[0,3.242],[0,0],[-3.242,0],[0,0],[0,-3.242]],"o":[[0,3.242],[0,0],[-3.242,0],[0,0],[0,-3.242],[0,0],[3.242,0],[0,0]],"v":[[63.015,53.145],[57.136,59.024],[-51.155,59.024],[-57.034,53.145],[-57.034,-55.145],[-51.155,-61.024],[57.136,-61.024],[63.015,-55.145]],"c":true},"ix":2},"nm":"Path 1","mn":"ADBE Vector Shape - Group","hd":false},{"ind":1,"ty":"sh","ix":2,"ks":{"a":0,"k":{"i":[[9.23,0],[0,0],[0,-9.23],[0,0],[-9.23,0],[0,0],[0,9.23],[0,0]],"o":[[0,0],[-9.23,0],[0,0],[0,9.23],[0,0],[9.23,0],[0,0],[0,-9.23]],"v":[[57.136,-71.881],[-51.155,-71.881],[-67.891,-55.145],[-67.891,53.145],[-51.155,69.881],[57.136,69.881],[73.872,53.145],[73.872,-55.145]],"c":true},"ix":2},"nm":"Path 2","mn":"ADBE Vector Shape - Group","hd":false},{"ty":"fl","c":{"a":0,"k":[0.345098048449,0.349019616842,0.35686275363,1],"ix":4},"o":{"a":0,"k":100,"ix":5},"r":1,"bm":0,"nm":"Fill 1","mn":"ADBE Vector Graphic - Fill","hd":false},{"ty":"tr","p":{"a":0,"k":[0,0],"ix":2},"a":{"a":0,"k":[0,0],"ix":1},"s":{"a":0,"k":[100,100],"ix":3},"r":{"a":0,"k":0,"ix":6},"o":{"a":0,"k":100,"ix":7},"sk":{"a":0,"k":0,"ix":4},"sa":{"a":0,"k":0,"ix":5},"nm":"Transformar"}],"nm":"Group 1","np":3,"cix":2,"bm":0,"ix":1,"mn":"ADBE Vector Group","hd":false}],"ip":0,"op":750,"st":0,"bm":0},{"ddd":0,"ind":10,"ty":4,"nm":"Isolation Mode","parent":11,"sr":1,"ks":{"o":{"a":0,"k":100,"ix":11},"r":{"a":0,"k":0,"ix":10},"p":{"a":0,"k":[2.99,-1,0],"ix":2,"l":2},"a":{"a":0,"k":[2.99,-1,0],"ix":1,"l":2},"s":{"a":0,"k":[72.464,72.464,100],"ix":6,"l":2}},"ao":0,"ef":[{"ty":21,"nm":"Preenchimento","np":9,"mn":"ADBE Fill","ix":1,"en":1,"ef":[{"ty":10,"nm":"Máscara de preenchimento","mn":"ADBE Fill-0001","ix":1,"v":{"a":0,"k":0,"ix":1}},{"ty":7,"nm":"Todas as máscaras","mn":"ADBE Fill-0007","ix":2,"v":{"a":0,"k":0,"ix":2}},{"ty":2,"nm":"Cor","mn":"ADBE Fill-0002","ix":3,"v":{"a":0,"k":[1,1,1,1],"ix":3,"x":"var $bm_rt;\n$bm_rt = thisComp.layer('CONTROLS').effect('Color_1')('ADBE Color Control-0001');"}},{"ty":7,"nm":"Inverter","mn":"ADBE Fill-0006","ix":4,"v":{"a":0,"k":0,"ix":4}},{"ty":0,"nm":"Difusão horizontal","mn":"ADBE Fill-0003","ix":5,"v":{"a":0,"k":0,"ix":5}},{"ty":0,"nm":"Difusão vertical","mn":"ADBE Fill-0004","ix":6,"v":{"a":0,"k":0,"ix":6}},{"ty":0,"nm":"Opacidade","mn":"ADBE Fill-0005","ix":7,"v":{"a":0,"k":1,"ix":7}}]}],"shapes":[{"ty":"gr","it":[{"ind":0,"ty":"sh","ix":1,"ks":{"a":0,"k":{"i":[[0,0],[3.242,0],[0,0],[0,3.242],[0,0],[-3.242,0],[0,0],[0,-3.242]],"o":[[0,3.242],[0,0],[-3.242,0],[0,0],[0,-3.242],[0,0],[3.242,0],[0,0]],"v":[[63.015,53.145],[57.136,59.024],[-51.155,59.024],[-57.034,53.145],[-57.034,-55.145],[-51.155,-61.024],[57.136,-61.024],[63.015,-55.145]],"c":true},"ix":2},"nm":"Path 1","mn":"ADBE Vector Shape - Group","hd":false},{"ty":"fl","c":{"a":0,"k":[0.345098048449,0.349019616842,0.35686275363,1],"ix":4},"o":{"a":0,"k":100,"ix":5},"r":1,"bm":0,"nm":"Fill 1","mn":"ADBE Vector Graphic - Fill","hd":false},{"ty":"tr","p":{"a":0,"k":[0,0],"ix":2},"a":{"a":0,"k":[0,0],"ix":1},"s":{"a":0,"k":[100,100],"ix":3},"r":{"a":0,"k":0,"ix":6},"o":{"a":0,"k":100,"ix":7},"sk":{"a":0,"k":0,"ix":4},"sa":{"a":0,"k":0,"ix":5},"nm":"Transformar"}],"nm":"Group 1","np":2,"cix":2,"bm":0,"ix":1,"mn":"ADBE Vector Group","hd":false}],"ip":0,"op":750,"st":0,"bm":0},{"ddd":0,"ind":11,"ty":4,"nm":"Isolation Mode 5","sr":1,"ks":{"o":{"a":0,"k":100,"ix":11},"r":{"a":0,"k":0,"ix":10},"p":{"a":0,"k":[252.99,249,0],"ix":2,"l":2},"a":{"a":0,"k":[2.99,-1,0],"ix":1,"l":2},"s":{"a":1,"k":[{"i":{"x":[0.833,0.833,0.833],"y":[0.833,0.833,0.833]},"o":{"x":[0.167,0.167,0.167],"y":[0.167,0.167,0.167]},"t":0,"s":[0,0,100]},{"t":25,"s":[138,138,100]}],"ix":6,"x":"var $bm_rt;\nfunction easeandwizz_outExpo(t, b, c, d) {\n    var OUT_EXPO_CORRECTION = 1.000976;\n    return t == d ? b + c : c * OUT_EXPO_CORRECTION * (-Math.pow(2, -10 * t / d) + 1) + b;\n}\nfunction easeAndWizz() {\n    var t, d, sX, eX, sY, eY, sZ, eZ, val1, val2, val2, val3;\n    var n = 0;\n    if (numKeys > 0) {\n        n = nearestKey(time).index;\n        if (key(n).time > time) {\n            n--;\n        }\n    }\n    try {\n        var key1 = key(n);\n        var key2 = key($bm_sum(n, 1));\n    } catch (e) {\n        return null;\n    }\n    var dim = 1;\n    try {\n        key(1)[1].length;\n        dim = 2;\n        key(1)[2].length;\n        dim = 3;\n    } catch (e) {\n    }\n    t = $bm_sub(time, key1.time);\n    d = $bm_sub(key2.time, key1.time);\n    sX = key1[0];\n    eX = $bm_sub(key2[0], key1[0]);\n    if (dim >= 2) {\n        sY = key1[1];\n        eY = $bm_sub(key2[1], key1[1]);\n        if (dim >= 3) {\n            sZ = key1[2];\n            eZ = $bm_sub(key2[2], key1[2]);\n        }\n    }\n    if (time < key1.time || time > key2.time) {\n        return value;\n    } else {\n        val1 = easeandwizz_outExpo(t, sX, eX, d);\n        switch (dim) {\n        case 1:\n            return val1;\n            break;\n        case 2:\n            val2 = easeandwizz_outExpo(t, sY, eY, d);\n            return [\n                val1,\n                val2\n            ];\n            break;\n        case 3:\n            val2 = easeandwizz_outExpo(t, sY, eY, d);\n            val3 = easeandwizz_outExpo(t, sZ, eZ, d);\n            return [\n                val1,\n                val2,\n                val3\n            ];\n            break;\n        default:\n            return null;\n        }\n    }\n}\n$bm_rt = easeAndWizz() || value;","l":2}},"ao":0,"ef":[{"ty":21,"nm":"Preenchimento","np":9,"mn":"ADBE Fill","ix":1,"en":1,"ef":[{"ty":10,"nm":"Máscara de preenchimento","mn":"ADBE Fill-0001","ix":1,"v":{"a":0,"k":0,"ix":1}},{"ty":7,"nm":"Todas as máscaras","mn":"ADBE Fill-0007","ix":2,"v":{"a":0,"k":0,"ix":2}},{"ty":2,"nm":"Cor","mn":"ADBE Fill-0002","ix":3,"v":{"a":0,"k":[1,1,1,1],"ix":3,"x":"var $bm_rt;\n$bm_rt = thisComp.layer('CONTROLS').effect('Color_2')('ADBE Color Control-0001');"}},{"ty":7,"nm":"Inverter","mn":"ADBE Fill-0006","ix":4,"v":{"a":0,"k":0,"ix":4}},{"ty":0,"nm":"Difusão horizontal","mn":"ADBE Fill-0003","ix":5,"v":{"a":0,"k":0,"ix":5}},{"ty":0,"nm":"Difusão vertical","mn":"ADBE Fill-0004","ix":6,"v":{"a":0,"k":0,"ix":6}},{"ty":0,"nm":"Opacidade","mn":"ADBE Fill-0005","ix":7,"v":{"a":0,"k":1,"ix":7}}]}],"shapes":[{"ty":"gr","it":[{"ind":0,"ty":"sh","ix":1,"ks":{"a":0,"k":{"i":[[0,0],[3.242,0],[0,0],[0,3.242],[0,0],[-3.242,0],[0,0],[0,-3.242]],"o":[[0,3.242],[0,0],[-3.242,0],[0,0],[0,-3.242],[0,0],[3.242,0],[0,0]],"v":[[63.015,53.145],[57.136,59.024],[-51.155,59.024],[-57.034,53.145],[-57.034,-55.145],[-51.155,-61.024],[57.136,-61.024],[63.015,-55.145]],"c":true},"ix":2},"nm":"Path 1","mn":"ADBE Vector Shape - Group","hd":false},{"ind":1,"ty":"sh","ix":2,"ks":{"a":0,"k":{"i":[[9.23,0],[0,0],[0,-9.23],[0,0],[-9.23,0],[0,0],[0,9.23],[0,0]],"o":[[0,0],[-9.23,0],[0,0],[0,9.23],[0,0],[9.23,0],[0,0],[0,-9.23]],"v":[[57.136,-71.881],[-51.155,-71.881],[-67.891,-55.145],[-67.891,53.145],[-51.155,69.881],[57.136,69.881],[73.872,53.145],[73.872,-55.145]],"c":true},"ix":2},"nm":"Path 2","mn":"ADBE Vector Shape - Group","hd":false},{"ty":"fl","c":{"a":0,"k":[0.345098048449,0.349019616842,0.35686275363,1],"ix":4},"o":{"a":0,"k":100,"ix":5},"r":1,"bm":0,"nm":"Fill 1","mn":"ADBE Vector Graphic - Fill","hd":false},{"ty":"tr","p":{"a":0,"k":[0,0],"ix":2},"a":{"a":0,"k":[0,0],"ix":1},"s":{"a":0,"k":[100,100],"ix":3},"r":{"a":0,"k":0,"ix":6},"o":{"a":0,"k":100,"ix":7},"sk":{"a":0,"k":0,"ix":4},"sa":{"a":0,"k":0,"ix":5},"nm":"Transformar"}],"nm":"Group 1","np":3,"cix":2,"bm":0,"ix":1,"mn":"ADBE Vector Group","hd":false}],"ip":0,"op":750,"st":0,"bm":0}],"markers":[]}